,subject,iteration,session,offline_dist,best_strength_1,best_strength_2,best_strength_3,best_strength_4,best_decayconstant_1,best_decayconstant_2,best_decayconstant_3,best_decayconstant_4,intercept,spatial_distance_coef,repetition_coef,error_coef,posterror_coef,prob_coef,NLL
0,101,0,12,0,48.084238097635904,48.084238097635904,48.084238097635904,48.084238097635904,27.17876691270293,27.17876691270293,27.17876691270293,27.17876691270293,208.77007331952439,19.01913811879003,2.047142028923225,-31.461361019951912,5.107772669658173,48.20186404223056,-3814.8220346203047
